{
	"credit": "Made with Blockbench",
	"elements": [
		{
			"from": [5, 0, 1],
			"to": [9, 2, 5],
			"rotation": {"angle": 0, "axis": "y", "origin": [5, 0, 1]},
			"faces": {
				"north": {"uv": [4, 0, 8, 2], "texture": "#0"},
				"east": {"uv": [4, 2, 8, 4], "texture": "#0"},
				"south": {"uv": [4, 4, 8, 6], "texture": "#0"},
				"west": {"uv": [4, 6, 8, 8], "texture": "#0"},
				"up": {"uv": [4, 4, 0, 0], "texture": "#0"},
				"down": {"uv": [4, 4, 0, 8], "texture": "#0"}
			}
		},
		{
			"from": [5, 2, 1],
			"to": [9, 4, 5],
			"rotation": {"angle": 0, "axis": "y", "origin": [5, 2, 1]},
			"faces": {
				"north": {"uv": [4, 0, 8, 2], "texture": "#0"},
				"east": {"uv": [4, 2, 8, 4], "texture": "#0"},
				"south": {"uv": [4, 4, 8, 6], "texture": "#0"},
				"west": {"uv": [4, 6, 8, 8], "texture": "#0"},
				"up": {"uv": [4, 4, 0, 0], "texture": "#0"},
				"down": {"uv": [4, 4, 0, 8], "texture": "#0"}
			}
		},
		{
			"from": [9, 0, 10],
			"to": [13, 2, 14],
			"rotation": {"angle": 0, "axis": "y", "origin": [9, 0, 10]},
			"faces": {
				"north": {"uv": [4, 0, 8, 2], "texture": "#0"},
				"east": {"uv": [4, 2, 8, 4], "texture": "#0"},
				"south": {"uv": [4, 4, 8, 6], "texture": "#0"},
				"west": {"uv": [4, 6, 8, 8], "texture": "#0"},
				"up": {"uv": [4, 4, 0, 0], "texture": "#0"},
				"down": {"uv": [4, 4, 0, 8], "texture": "#0"}
			}
		},
		{
			"from": [11, 2, 1],
			"to": [15, 4, 5],
			"rotation": {"angle": 0, "axis": "y", "origin": [11, 2, 1]},
			"faces": {
				"north": {"uv": [4, 0, 8, 2], "texture": "#0"},
				"east": {"uv": [4, 2, 8, 4], "texture": "#0"},
				"south": {"uv": [4, 4, 8, 6], "texture": "#0"},
				"west": {"uv": [4, 6, 8, 8], "texture": "#0"},
				"up": {"uv": [4, 4, 0, 0], "texture": "#0"},
				"down": {"uv": [4, 4, 0, 8], "texture": "#0"}
			}
		},
		{
			"from": [11, 0, 1],
			"to": [15, 2, 5],
			"rotation": {"angle": 0, "axis": "y", "origin": [11, 0, 1]},
			"faces": {
				"north": {"uv": [4, 0, 8, 2], "texture": "#0"},
				"east": {"uv": [4, 2, 8, 4], "texture": "#0"},
				"south": {"uv": [4, 4, 8, 6], "texture": "#0"},
				"west": {"uv": [4, 6, 8, 8], "texture": "#0"},
				"up": {"uv": [4, 4, 0, 0], "texture": "#0"},
				"down": {"uv": [4, 4, 0, 8], "texture": "#0"}
			}
		},
		{
			"from": [12, 4, 1],
			"to": [16, 6, 5],
			"rotation": {"angle": -22.5, "axis": "y", "origin": [12, 4, 1]},
			"faces": {
				"north": {"uv": [4, 0, 8, 2], "texture": "#0"},
				"east": {"uv": [4, 2, 8, 4], "texture": "#0"},
				"south": {"uv": [4, 4, 8, 6], "texture": "#0"},
				"west": {"uv": [4, 6, 8, 8], "texture": "#0"},
				"up": {"uv": [4, 4, 0, 0], "texture": "#0"},
				"down": {"uv": [4, 4, 0, 8], "texture": "#0"}
			}
		},
		{
			"from": [1, 2, 9],
			"to": [5, 4, 13],
			"rotation": {"angle": 22.5, "axis": "y", "origin": [1, 2, 9]},
			"faces": {
				"north": {"uv": [4, 0, 8, 2], "texture": "#0"},
				"east": {"uv": [4, 2, 8, 4], "texture": "#0"},
				"south": {"uv": [4, 4, 8, 6], "texture": "#0"},
				"west": {"uv": [4, 6, 8, 8], "texture": "#0"},
				"up": {"uv": [4, 4, 0, 0], "texture": "#0"},
				"down": {"uv": [4, 4, 0, 8], "texture": "#0"}
			}
		},
		{
			"from": [1, 0, 9],
			"to": [5, 2, 13],
			"rotation": {"angle": 22.5, "axis": "y", "origin": [1, 0, 9]},
			"faces": {
				"north": {"uv": [4, 0, 8, 2], "texture": "#0"},
				"east": {"uv": [4, 2, 8, 4], "texture": "#0"},
				"south": {"uv": [4, 4, 8, 6], "texture": "#0"},
				"west": {"uv": [4, 6, 8, 8], "texture": "#0"},
				"up": {"uv": [4, 4, 0, 0], "texture": "#0"},
				"down": {"uv": [4, 4, 0, 8], "texture": "#0"}
			}
		}
	],
	"display": {
		"fixed": {
			"rotation": [-90, 0, 0],
			"translation": [0, 0, -14],
			"scale": [1.75, 1.75, 1.75]
		}
	},
	"groups": [
		{
			"name": "group",
			"origin": [8, 8, 8],
			"color": 0,
			"children": [0, 1]
		},
		{
			"name": "group",
			"origin": [8, 8, 8],
			"color": 0,
			"children": [2]
		},
		{
			"name": "group",
			"origin": [8, 8, 8],
			"color": 0,
			"children": [3, 4, 5]
		},
		{
			"name": "group",
			"origin": [8, 8, 8],
			"color": 0,
			"children": [6, 7]
		}
	]
}