{
	"credit": "Made with Blockbench",
	"elements": [
		{
			"from": [28, 8, 6],
			"to": [30, 24, 8],
			"rotation": {"angle": 0, "axis": "y", "origin": [16, 8, 0]},
			"faces": {
				"north": {"uv": [0, 4, 0.5, 8], "texture": "#0"},
				"east": {"uv": [4, 0, 4.5, 4], "texture": "#0"},
				"south": {"uv": [0.5, 4, 1, 8], "texture": "#0"},
				"west": {"uv": [1, 4, 1.5, 8], "texture": "#0"},
				"up": {"uv": [7, 7.5, 6.5, 7], "texture": "#0"},
				"down": {"uv": [7.5, 7, 7, 7.5], "texture": "#0"}
			}
		},
		{
			"from": [-4, 8, 6],
			"to": [-2, 24, 8],
			"rotation": {"angle": 0, "axis": "y", "origin": [-16, 8, 0]},
			"faces": {
				"north": {"uv": [0, 4, 0.5, 8], "texture": "#0"},
				"east": {"uv": [4, 0, 4.5, 4], "texture": "#0"},
				"south": {"uv": [0.5, 4, 1, 8], "texture": "#0"},
				"west": {"uv": [1, 4, 1.5, 8], "texture": "#0"},
				"up": {"uv": [7, 7.5, 6.5, 7], "texture": "#0"},
				"down": {"uv": [7.5, 7, 7, 7.5], "texture": "#0"}
			}
		},
		{
			"from": [-14, 10, 6],
			"to": [-12, 22, 8],
			"rotation": {"angle": 0, "axis": "y", "origin": [-16, 8, 0]},
			"faces": {
				"north": {"uv": [0, 4, 0.5, 8], "texture": "#0"},
				"east": {"uv": [4, 0, 4.5, 4], "texture": "#0"},
				"south": {"uv": [0.5, 4, 1, 8], "texture": "#0"},
				"west": {"uv": [1, 4, 1.5, 8], "texture": "#0"},
				"up": {"uv": [7, 7.5, 6.5, 7], "texture": "#0"},
				"down": {"uv": [7.5, 7, 7, 7.5], "texture": "#0"}
			}
		},
		{
			"from": [-12, 8, 6],
			"to": [-2, 10, 8],
			"rotation": {"angle": 0, "axis": "y", "origin": [-16, 8, 0]},
			"faces": {
				"north": {"uv": [0, 4, 0.5, 8], "texture": "#0"},
				"east": {"uv": [4, 0, 4.5, 4], "texture": "#0"},
				"south": {"uv": [0.5, 4, 1, 8], "texture": "#0"},
				"west": {"uv": [1, 4, 1.5, 8], "texture": "#0"},
				"up": {"uv": [7, 7.5, 6.5, 7], "texture": "#0"},
				"down": {"uv": [7.5, 7, 7, 7.5], "texture": "#0"}
			}
		},
		{
			"from": [-12, 22, 6],
			"to": [-2, 24, 8],
			"rotation": {"angle": 0, "axis": "y", "origin": [-16, 22, 0]},
			"faces": {
				"north": {"uv": [0, 4, 0.5, 8], "texture": "#0"},
				"east": {"uv": [4, 0, 4.5, 4], "texture": "#0"},
				"south": {"uv": [0.5, 4, 1, 8], "texture": "#0"},
				"west": {"uv": [1, 4, 1.5, 8], "texture": "#0"},
				"up": {"uv": [7, 7.5, 6.5, 7], "texture": "#0"},
				"down": {"uv": [7.5, 7, 7, 7.5], "texture": "#0"}
			}
		},
		{
			"from": [10, 8, 6],
			"to": [12, 24, 8],
			"rotation": {"angle": 0, "axis": "y", "origin": [-2, 8, 0]},
			"faces": {
				"north": {"uv": [0, 4, 0.5, 8], "texture": "#0"},
				"east": {"uv": [4, 0, 4.5, 4], "texture": "#0"},
				"south": {"uv": [0.5, 4, 1, 8], "texture": "#0"},
				"west": {"uv": [1, 4, 1.5, 8], "texture": "#0"},
				"up": {"uv": [7, 7.5, 6.5, 7], "texture": "#0"},
				"down": {"uv": [7.5, 7, 7, 7.5], "texture": "#0"}
			}
		},
		{
			"from": [4, 8, 6],
			"to": [6, 24, 8],
			"rotation": {"angle": 0, "axis": "y", "origin": [-8, 8, 0]},
			"faces": {
				"north": {"uv": [0, 4, 0.5, 8], "texture": "#0"},
				"east": {"uv": [4, 0, 4.5, 4], "texture": "#0"},
				"south": {"uv": [0.5, 4, 1, 8], "texture": "#0"},
				"west": {"uv": [1, 4, 1.5, 8], "texture": "#0"},
				"up": {"uv": [7, 7.5, 6.5, 7], "texture": "#0"},
				"down": {"uv": [7.5, 7, 7, 7.5], "texture": "#0"}
			}
		},
		{
			"from": [5, 14, 6],
			"to": [7, 30, 8],
			"rotation": {"angle": -22.5, "axis": "z", "origin": [-7, 14, 0]},
			"faces": {
				"north": {"uv": [0, 4, 0.5, 8], "texture": "#0"},
				"east": {"uv": [4, 0, 4.5, 4], "texture": "#0"},
				"south": {"uv": [0.5, 4, 1, 8], "texture": "#0"},
				"west": {"uv": [1, 4, 1.5, 8], "texture": "#0"},
				"up": {"uv": [7, 7.5, 6.5, 7], "texture": "#0"},
				"down": {"uv": [7.5, 7, 7, 7.5], "texture": "#0"}
			}
		},
		{
			"from": [18, 8, 6],
			"to": [30, 10, 8],
			"rotation": {"angle": 0, "axis": "y", "origin": [16, 8, 0]},
			"faces": {
				"north": {"uv": [4.5, 1.5, 7.5, 2], "texture": "#0"},
				"east": {"uv": [7.5, 0, 8, 0.5], "texture": "#0"},
				"south": {"uv": [4.5, 2, 7.5, 2.5], "texture": "#0"},
				"west": {"uv": [7.5, 0.5, 8, 1], "texture": "#0"},
				"up": {"uv": [7.5, 3, 4.5, 2.5], "texture": "#0"},
				"down": {"uv": [7.5, 3, 4.5, 3.5], "texture": "#0"}
			}
		},
		{
			"from": [18, 22, 6],
			"to": [30, 24, 8],
			"rotation": {"angle": 0, "axis": "y", "origin": [16, 22, 0]},
			"faces": {
				"north": {"uv": [3.5, 4.5, 6.5, 5], "texture": "#0"},
				"east": {"uv": [7.5, 1, 8, 1.5], "texture": "#0"},
				"south": {"uv": [4.5, 3.5, 7.5, 4], "texture": "#0"},
				"west": {"uv": [7.5, 1.5, 8, 2], "texture": "#0"},
				"up": {"uv": [6.5, 5.5, 3.5, 5], "texture": "#0"},
				"down": {"uv": [6.5, 5.5, 3.5, 6], "texture": "#0"}
			}
		},
		{
			"from": [18, 15, 6],
			"to": [30, 17, 8],
			"rotation": {"angle": 0, "axis": "y", "origin": [16, 15, 0]},
			"faces": {
				"north": {"uv": [3.5, 6, 6.5, 6.5], "texture": "#0"},
				"east": {"uv": [7.5, 2, 8, 2.5], "texture": "#0"},
				"south": {"uv": [3.5, 6.5, 6.5, 7], "texture": "#0"},
				"west": {"uv": [7.5, 2.5, 8, 3], "texture": "#0"},
				"up": {"uv": [9.5, 4.5, 6.5, 4], "texture": "#0"},
				"down": {"uv": [9.5, 4.5, 6.5, 5], "texture": "#0"}
			}
		}
	],
	"display": {
		"head": {
			"translation": [25.5, -8.5, -6.5],
			"scale": [1.6, 1.1, 1]
		},
		"fixed": {
			"scale": [2, 2, 2]
		}
	}
}