{
	"credit": "Made with Blockbench",
	"elements": [
	{
		"from": [5, 0.35, 6],
		"to": [11, 8.35, 7],
		"rotation": {"angle": 22.5, "axis": "x", "origin": [9, 0.25, 6]},
		"faces": {
			"north": {"uv": [0, 0, 6, 8], "texture": "#0"},
			"east": {"uv": [0, 0, 1, 8], "texture": "#0"},
			"south": {"uv": [6, 0, 12, 8], "texture": "#0"},
			"west": {"uv": [5, 0, 6, 8], "texture": "#0"},
			"up": {"uv": [6, 0, 0, 1], "texture": "#0"},
			"down": {"uv": [6, 7, 0, 8], "texture": "#0"}
		}
	},
	{
		"from": [7, 0, 10],
		"to": [9, 5, 11],
		"rotation": {"angle": -22.5, "axis": "x", "origin": [7, 0, 10]},
		"faces": {
			"north": {"uv": [10, 0, 12, 4], "texture": "#0"},
			"east": {"uv": [10, 0, 11, 4], "texture": "#0"},
			"south": {"uv": [10, 0, 12, 4], "texture": "#0"},
			"west": {"uv": [10, 0, 11, 4], "texture": "#0"},
			"up": {"uv": [10, 0, 12, 1], "texture": "#0"},
			"down": {"uv": [10, 0, 12, 1], "texture": "#0"}
		}
	}
	],
	"display": {
		"thirdperson_righthand": {
			"rotation": [75, 45, 0],
			"translation": [0, 2.5, 2],
			"scale": [0.375, 0.375, 0.375]
		},
		"thirdperson_lefthand": {
			"rotation": [75, 45, 0],
			"translation": [0, 2.5, 2.25],
			"scale": [0.375, 0.375, 0.375]
		},
		"firstperson_righthand": {
			"rotation": [0, 45, 0],
			"translation": [0, 4, 0],
			"scale": [0.4, 0.4, 0.4]
		},
		"firstperson_lefthand": {
			"rotation": [0, 225, 0],
			"translation": [0, 1.25, 0],
			"scale": [0.4, 0.4, 0.4]
		},
		"ground": {
			"translation": [0, -1, -0.5],
			"scale": [0.25, 0.25, 0.25]
		},
		"gui": {
			"scale": [0.36, 1, 1]
		},
		"fixed": {
			"rotation": [-90, -90, 0],
			"translation": [0, 0, -16],
			"scale": [2, 2, 2]
		}
	}
}