{
    "blend": {
        "func": "add",
        "srcrgb": "one",
        "dstrgb": "zero"
    },
    "vertex": "toggler/shader",
    "fragment": "toggler/shader",
    "attributes": [ "Position" ],
    "samplers": [
        { "name": "DiffuseSampler" },
        { "name": "ControlSampler" },
        { "name": "DiffuseDepthSampler" }
    ],
    "uniforms": [
        { "name": "InSize",     "type": "float",     "count": 2,  "values": [ 1.0, 1.0 ] },
        { "name": "OutSize",    "type": "float",     "count": 2,  "values": [ 1.0, 1.0 ] },
        { "name": "ScreenSize", "type": "float",     "count": 2,  "values": [ 1.0, 1.0 ] },
        { "name": "ColorModulate", "type": "float",     "count": 4,  "values": [ 1.0, 1.0, 1.0, 1.0 ] }
    ]
}
