{
  "parent": "minecraft:item/generated",
  "textures": {
    "layer0": "minecraft:item/bread"
  },

	"overrides": [
		{
			"predicate": { "custom_model_data": 1 },
			"model": "expb:item/mini_royal_ration"
		},
		{
			"predicate": { "custom_model_data": 2 },
			"model": "expb:item/concrete_fish"
		},
		{
			"predicate": { "custom_model_data": 3 },
			"model": "expb:item/pizza"
		},
		{
			"predicate": { "custom_model_data": 4 },
			"model": "expb:item/cooked_concrete_fish"
		},
		{
			"predicate": { "custom_model_data": 5 },
			"model": "expb:item/orange"
		},
		{
			"predicate": { "custom_model_data": 6 },
			"model": "expb:item/burger"
		},
		{
			"predicate": { "custom_model_data": 7 },
			"model": "expb:item/sandwich"
		},
		{
			"predicate": { "custom_model_data": 8 },
			"model": "expb:item/chicken_drumstick"
		},
		{
			"predicate": { "custom_model_data": 9 },
			"model": "expb:item/lettuce_sandwich"
		},
		{
			"predicate": { "custom_model_data": 10 },
			"model": "expb:item/peach"
		},
		{
			"predicate": { "custom_model_data": 11 },
			"model": "expb:item/cooked_goldfish"
		},
		{
			"predicate": { "custom_model_data": 12 },
			"model": "expb:item/goldfish"
		},
		{
			"predicate": { "custom_model_data": 13 },
			"model": "expb:item/chocolate_bar"
		},
			{"predicate": { "custom_model_data": 14 },
			"model": "expb:item/fries"
		},
		{
			"predicate": { "custom_model_data": 15 },
			"model": "expb:item/potato_chips"
		},
		{
			"predicate": { "custom_model_data": 16 },
			"model": "expb:item/raw_deathmoth_meat"
		},
		{
			"predicate": { "custom_model_data": 17 },
			"model": "expb:item/cooked_deathmoth_meat"
		},
		{
			"predicate": { "custom_model_data": 18 },
			"model": "expb:item/tiramisu"
		},
		{
			"predicate": { "custom_model_data": 19 },
			"model": "expb:item/bioluminescent_jumper"
		},
		{
			"predicate": { "custom_model_data": 20 },
			"model": "expb:item/guardian_koifish"
		},
		{
			"predicate": { "custom_model_data": 21 },
			"model": "expb:item/rejuvenating_bass"
		},
		{
			"predicate": { "custom_model_data": 22 },
			"model": "expb:item/dark_berries"
		},
		{
			"predicate": { "custom_model_data": 23 },
			"model": "expb:item/guava"
		},
		{
			"predicate": { "custom_model_data": 24 },
			"model": "expb:item/noclip_fruit"
		}
	]
}